0,1,2,3,4,5,6,7,8
16,0,0,0,0,0,0,0,0
1617,1618,131,179,469,116,741,5,98
471,0,0,0,0,0,0,0,0
1005,199,577,2,30,1620,17,11,308
1621,357,1006,472,132,1007,8,74,117
93,80,0,0,0,0,0,0,0
133,358,742,0,0,0,0,0,0
45,10,180,1622,578,579,144,580,403
359,1623,63,743,2,181,0,0,0
47,207,34,7,5,308,16,232,0
108,744,118,1008,1624,1625,19,67,116
182,1009,5,309,473,1626,474,208,475
745,64,35,27,0,0,0,0,0
85,27,0,0,0,0,0,0,0
1629,86,145,1630,0,0,0,0,0
35,746,17,0,0,0,0,0,0
747,748,310,311,312,0,0,0,0
48,3,1631,0,0,0,0,0,0
313,163,1010,64,210,1011,99,2,1012
3,313,25,40,1632,1633,41,164,0
42,3,749,404,750,583,0,0,0
584,211,1634,263,145,1013,34,0,0
120,1635,1014,1015,32,121,405,1636,314
22,63,1016,476,751,42,4,0,0
315,316,60,60,747,9,1637,477,0
25,183,1638,1639,145,1640,585,752,478
233,213,1017,0,0,0,0,0,0
6,5,40,68,753,406,0,0,0
116,20,10,5,0,0,0,0,0
86,480,109,754,1005,234,755,264,0
85,29,27,0,0,0,0,0,0
35,29,27,14,35,23,317,14,184
134,163,1018,0,0,0,0,0,0
3,38,235,265,0,0,0,0,0
79,1641,0,0,0,0,0,0,0
1642,18,1643,43,1019,0,0,0,0
146,1020,586,165,185,9,165,26,266
267,14,4,756,268,587,1644,214,0
236,166,407,757,0,0,0,0,0
26,40,406,0,0,0,0,0,0
26,48,1021,31,758,0,0,0,0
269,12,1022,100,18,147,4,0,0
481,69,479,148,0,0,0,0,0
18,135,1023,270,1024,0,0,0,0
11,110,0,0,0,0,0,0,0
1645,1646,39,186,149,0,0,0,0
11,759,54,408,0,0,0,0,0
588,237,167,0,0,0,0,0,0
32,760,0,0,0,0,0,0,0
22,9,264,111,11,589,150,168,0
200,318,0,0,0,0,0,0,0
271,1025,1647,25,1648,761,482,1649,1026
38,409,483,213,1651,63,762,0,0
15,238,239,360,44,53,0,0,0
240,272,470,590,484,1029,5,36,1652
39,1654,1030,8,65,0,0,0,0
16,19,0,0,0,0,0,0,0
1655,410,319,485,275,70,1031,151,1656
40,75,276,411,592,265,1658,1033,1034
1664,62,1665,1666,66,41,595,0,0
26,277,46,412,62,1037,5,361,2
5,4,240,266,588,232,0,0,0
29,53,0,0,0,0,0,0,0
36,2,28,362,67,487,0,0,0
363,1038,215,1039,320,6,2,1667,29
45,152,216,152,149,152,1040,152,201
1041,1042,217,597,100,0,0,0,0
85,23,29,0,0,0,0,0,0
169,5,136,598,0,0,0,0,0
112,488,18,239,112,121,0,0,0
218,210,241,763,28,8,403,12,57
599,202,74,489,26,48,220,187,165
600,1671,1672,0,0,0,0,0,0
415,74,109,234,279,153,364,13,29
4,484,0,0,0,0,0,0,0
34,214,6,122,1673,404,764,15,0
765,270,1043,1674,1044,0,0,0,0
5,182,1675,1676,0,0,0,0,0
1677,1678,102,0,0,0,0,0,0
36,103,55,601,12,31,79,0,0
81,1679,602,1045,487,0,0,0,0
53,0,0,0,0,0,0,0,0
603,416,280,364,59,1680,137,1681,59
39,38,54,0,0,0,0,0,0
5,110,0,0,0,0,0,0,0
1047,9,417,490,23,491,1048,1682,25
1050,87,6,24,70,418,60,31,0
146,146,1686,0,0,0,0,0,0
22,605,1687,1688,1051,1052,7,151,277
1691,1692,325,2,64,281,1693,11,1694
39,38,493,170,0,0,0,0,0
58,1056,23,104,36,69,479,148,24
121,494,766,221,419,1695,420,1696,419
138,153,123,4,767,606,0,0,0
217,421,138,422,365,0,0,0,0
111,1697,1698,471,1699,18,139,607,1700
768,4,171,48,363,21,170,32,188
167,283,1701,1058,207,28,326,309,72
34,46,608,0,0,0,0,0,0
1702,1703,1704,154,14,1705,1059,200,284
105,1060,495,1706,11,155,14,0,0
1707,1708,1709,0,0,0,0,0,0
1061,4,31,1710,0,0,0,0,0
1062,208,75,424,1711,770,0,0,0
1712,1713,8,30,496,366,1714,74,0
584,497,203,327,1063,100,0,0,0
64,1715,242,243,1716,0,0,0,0
1064,74,609,1717,1718,164,0,0,0
425,1719,1065,0,0,0,0,0,0
6,327,1720,0,0,0,0,0,0
277,1721,136,1722,498,6,101,499,18
62,11,1727,35,1066,772,1067,611,1728
101,16,1729,1730,2,244,0,0,0
612,773,367,328,124,207,368,1039,369
775,752,1070,776,0,0,0,0,0
613,777,12,30,86,144,427,103,222
778,27,0,0,0,0,0,0,0
1071,614,112,0,0,0,0,0,0
246,2,16,0,0,0,0,0,0
24,2,47,14,0,0,0,0,0
1072,428,3,54,0,0,0,0,0
429,1073,235,186,1074,5,1075,0,0
1734,779,0,0,0,0,0,0,0
500,35,780,32,20,4,221,1735,0
10,204,0,0,0,0,0,0,0
285,1076,615,1077,616,172,247,148,0
311,3,617,430,13,106,0,0,0
1078,125,1736,427,11,172,102,12,0
48,22,7,329,1737,483,1738,76,59
469,72,618,1079,7,70,1080,1068,781
370,77,80,783,0,0,0,0,0
44,501,0,0,0,0,0,0,0
1739,1740,579,0,0,0,0,0,0
5,95,39,186,1081,1741,1742,235,1743
1746,1747,25,278,3,134,619,1748,6
417,502,1753,0,0,0,0,0,0
4,65,54,0,0,0,0,0,0
745,64,85,82,27,503,286,0,0
114,8,784,1754,1755,139,0,0,0
1085,474,208,504,33,0,0,0,0
134,72,1086,1756,431,19,223,1087,131
479,148,24,69,479,148,0,0,0
169,1760,8,18,1761,622,28,4,248
34,372,0,0,0,0,0,0,0
785,1762,17,0,0,0,0,0,0
1763,7,433,1089,0,0,0,0,0
171,1764,119,786,8,363,1765,1766,0
506,8,189,1767,1768,287,1769,0,0
96,10,1090,7,232,5,10,5,0
26,48,480,27,1770,503,286,11,0
14,156,22,1091,24,23,204,309,767
288,156,1771,11,282,0,0,0,0
16,4,0,0,0,0,0,0,0
613,97,3,186,0,0,0,0,0
6,20,32,1772,623,0,0,0,0
39,0,0,0,0,0,0,0,0
1773,185,167,0,0,0,0,0,0
289,0,0,0,0,0,0,0,0
11,3,0,0,0,0,0,0,0
1092,18,32,1774,279,787,1775,7,0
1776,190,290,0,0,0,0,0,0
224,624,42,0,0,0,0,0,0
138,330,15,191,0,0,0,0,0
2,94,1093,1094,1095,1777,6,1040,1096
246,2,1099,1100,434,625,1779,789,626
790,25,1782,0,0,0,0,0,0
628,33,51,136,31,131,1783,0,0
52,173,49,207,34,0,0,0,0
33,791,37,1784,1102,91,1785,1786,22
18,71,36,105,507,508,498,1103,1787
168,29,27,0,0,0,0,0,0
509,5,1105,56,0,0,0,0,0
1106,7,0,0,0,0,0,0,0
8,28,1790,13,114,1791,64,435,0
3,31,0,0,0,0,0,0,0
45,192,75,1792,1793,376,510,1794,157
137,33,66,20,10,37,62,1795,426
511,1110,794,1798,1799,331,795,0,0
4,38,292,512,332,1111,0,0,0
1112,796,1113,93,12,0,0,0,0
225,10,1800,1114,797,436,168,630,414
15,1115,21,0,0,0,0,0,0
502,437,1801,1116,0,0,0,0,0
2,293,3,0,0,0,0,0,0
141,294,0,0,0,0,0,0,0
11,78,0,0,0,0,0,0,0
1802,8,10,107,134,0,0,0,0
430,1117,15,1803,0,0,0,0,0
48,120,187,478,279,1118,1804,16,0
235,0,0,0,0,0,0,0,0
1014,193,102,0,0,0,0,0,0
17,513,328,1119,0,0,0,0,0
74,233,631,0,0,0,0,0,0
246,1805,7,592,16,513,1806,149,0
295,1120,1807,1808,10,191,1809,1810,76
1811,89,5,194,1121,37,171,438,1812
2,267,88,1813,7,0,0,0,0
13,3,73,514,0,0,0,0,0
142,1814,2,21,798,243,0,0,0
3,126,799,0,0,0,0,0,0
242,127,5,0,0,0,0,0,0
183,1122,1815,1123,6,48,141,632,57
1816,0,0,0,0,0,0,0,0
296,378,202,585,36,119,1817,46,133
13,633,0,0,0,0,0,0,0
5,249,4,31,7,634,0,0,0
1818,600,1124,3,0,0,0,0,0
1819,28,53,802,144,166,243,1125,0
4,1126,416,3,90,76,1126,2,1820
3,31,174,0,0,0,0,0,0
515,31,79,79,0,0,0,0,0
635,1822,79,31,439,586,1127,19,0
481,5,28,333,0,0,0,0,0
803,1823,67,1824,1128,137,55,123,113
57,331,5,782,158,0,0,0,0
334,1825,1129,1826,517,379,159,175,0
1130,238,636,637,804,805,637,0,0
518,1111,195,221,202,85,98,0,0
35,90,0,0,0,0,0,0,0
610,9,771,268,93,80,0,0,0
21,1827,1828,1829,1830,0,0,0,0
1831,806,440,417,7,0,0,0,0
25,8,472,65,2,82,1131,1832,472
1132,193,1833,58,1834,11,23,638,0
192,15,0,0,0,0,0,0,0
335,519,1133,12,1134,1835,367,36,2
234,1837,1838,807,441,328,442,521,808
1121,522,7,809,1839,1840,22,639,523
13,492,39,75,640,45,41,7,810
4,265,0,0,0,0,0,0,0
128,47,9,18,524,1136,8,0,0
176,372,0,0,0,0,0,0,0
485,51,272,41,42,14,1841,100,270
15,97,1842,0,0,0,0,0,0
29,793,0,0,0,0,0,0,0
1843,5,160,295,1137,811,0,0,0
1844,13,28,28,117,1845,0,0,0
234,812,1846,233,641,443,117,0,0
16,129,0,0,0,0,0,0,0
34,813,49,9,52,1847,92,205,0
4,14,1848,103,156,0,0,0,0
5,525,1849,167,151,30,814,0,0
25,407,275,367,2,1850,1851,1852,0
11,3,196,76,1853,815,1854,1855,366
158,1856,430,606,1857,1138,642,296,193
177,25,97,1858,0,0,0,0,0
28,526,59,817,132,2,28,643,0
206,166,266,34,0,0,0,0,0
52,1859,1860,153,170,0,0,0,0
182,1861,1862,1863,1864,89,0,0,0
11,2,444,2,64,72,1139,1865,297
19,32,173,1140,8,18,1141,1866,818
644,296,1142,3,6,1867,819,1117,358
183,1868,1869,645,1143,25,235,0,0
12,7,646,2,1144,1870,0,0,0
98,647,0,0,0,0,0,0,0
53,7,0,0,0,0,0,0,0
106,820,1871,1872,1873,527,3,0,0
648,13,821,523,0,0,0,0,0
1145,420,1874,294,0,0,0,0,0
1146,11,15,380,0,0,0,0,0
1875,822,204,0,0,0,0,0,0
336,337,12,330,298,61,3,0,0
1147,273,413,40,1148,1876,33,40,5
1149,1878,1150,1151,182,1152,1153,0,0
122,14,1879,36,2,823,0,0,0
217,0,0,0,0,0,0,0,0
11,250,418,6,250,36,1880,0,0
87,290,0,0,0,0,0,0,0
745,64,370,80,0,0,0,0,0
2,51,299,494,766,0,0,0,0
119,35,225,27,528,47,0,0,0
158,1881,178,1882,1154,1155,178,0,0
49,191,1883,1884,1885,474,5,6,19
4,8,0,0,0,0,0,0,0
3,1892,336,34,1893,7,150,649,0
445,152,0,0,0,0,0,0,0
328,14,0,0,0,0,0,0,0
169,159,197,1894,0,0,0,0,0
443,13,1895,167,1896,824,490,1897,1898
74,825,1158,156,1903,0,0,0,0
446,1904,1905,650,338,2,16,8,0
421,1906,319,71,175,44,1159,212,0
56,56,148,0,0,0,0,0,0
251,2,530,531,1907,34,381,0,0
194,65,13,1160,1161,108,28,826,0
827,227,1908,339,43,1909,86,1910,0
192,1162,828,0,0,0,0,0,0
17,31,0,0,0,0,0,0,0
447,651,1911,6,24,2,1912,1163,1913
177,1914,12,1165,0,0,0,0,0
72,214,1915,382,1916,1917,2,3,0
43,113,72,3,0,0,0,0,0
448,652,1918,653,7,0,0,0,0
200,9,0,0,0,0,0,0,0
829,80,12,14,368,0,0,0,0
24,654,2,170,195,35,141,19,0
1919,66,212,175,0,0,0,0,0
11,4,147,1166,613,0,0,0,0
365,1920,1921,78,0,0,0,0,0
37,1922,830,19,1167,1923,1924,88,1168
829,80,422,0,0,0,0,0,0
11,86,289,1929,0,0,0,0,0
655,831,29,0,0,0,0,0,0
25,1170,67,83,1930,1931,1171,656,383
832,197,37,533,0,0,0,0,0
5,25,1081,0,0,0,0,0,0
207,746,1932,201,0,0,0,0,0
183,38,57,1173,657,0,0,0,0
658,658,0,0,0,0,0,0,0
534,33,409,381,50,1933,1934,295,1935
122,1936,1174,135,87,1175,833,0,0
1937,46,17,5,6,2,834,0,0
1938,590,13,1939,273,90,1940,252,0
19,1941,535,12,16,1942,0,0,0
1943,659,0,0,0,0,0,0,0
81,63,1016,32,482,1176,377,449,0
43,188,123,0,0,0,0,0,0
199,8,116,44,133,194,237,166,601
660,125,21,187,243,0,0,0,0
26,1944,505,26,293,385,661,0,0
417,77,662,437,68,44,1945,1097,1946
313,1178,250,0,0,0,0,0,0
217,33,22,1952,0,0,0,0,0
58,87,290,23,663,357,165,15,0
37,253,30,270,340,0,0,0,0
1953,1056,231,471,0,0,0,0,0
79,185,12,134,0,0,0,0,0
114,74,798,300,0,0,0,0,0
2,40,406,0,0,0,0,0,0
3,31,835,114,114,1954,118,68,836
509,7,1179,2,127,1955,160,837,1180
98,0,0,0,0,0,0,0,0
2,204,0,0,0,0,0,0,0
43,110,0,0,0,0,0,0,0
819,1182,169,3,8,206,0,0,0
61,3,451,274,0,0,0,0,0
536,1957,83,63,19,0,0,0,0
234,1958,100,180,7,280,3,74,123
153,0,0,0,0,0,0,0,0
82,139,1960,76,198,18,176,0,0
194,0,0,0,0,0,0,0,0
56,59,537,145,754,159,225,12,286
18,3,91,386,1113,838,45,538,612
1961,1962,664,0,0,0,0,0,0
36,104,1963,228,1964,0,0,0,0
9,44,33,810,1965,1186,139,436,1966
1187,254,666,20,4,0,0,0,0
172,78,0,0,0,0,0,0,0
14,3,7,412,0,0,0,0,0
1129,79,31,1188,667,0,0,0,0
1967,92,137,840,136,1968,841,0,0
1969,1970,842,539,9,218,843,4,0
121,597,438,1971,1972,452,341,1189,597
195,1190,1191,822,2,1191,0,0,0
15,270,540,0,0,0,0,0,0
200,200,200,0,0,0,0,0,0
7,18,22,1021,342,0,0,0,0
136,121,41,13,136,0,0,0,0
14,844,9,148,475,18,11,0,0
6,111,45,1973,0,0,0,0,0
1974,1192,747,436,0,0,0,0,0
1193,827,3,31,0,0,0,0,0
288,196,0,0,0,0,0,0,0
1975,224,38,29,1194,477,1976,1977,90
196,580,403,450,77,0,0,0,0
143,1978,88,13,1979,423,0,0,0
7,844,362,1980,1195,846,1196,45,453
35,669,5,1198,0,0,0,0,0
118,93,12,0,0,0,0,0,0
847,1199,1983,24,84,206,0,0,0
64,11,78,0,0,0,0,0,0
183,1200,280,541,59,178,137,56,59
5,542,670,122,848,1984,671,543,180
806,59,7,334,337,111,0,0,0
134,1986,1010,0,0,0,0,0,0
326,1987,1988,1989,332,1990,805,672,297
475,450,440,196,126,1991,64,196,118
310,2,10,1994,1204,0,0,0,0
4,54,25,0,0,0,0,0,0
282,2,150,849,236,12,0,0,0
195,192,16,294,0,0,0,0,0
43,113,25,4,0,0,0,0,0
841,110,165,15,0,0,0,0,0
4,11,0,0,0,0,0,0,0
654,207,2,1995,0,0,0,0,0
11,102,0,0,0,0,0,0,0
673,1996,147,40,109,121,1997,201,0
26,206,0,0,0,0,0,0,0
674,89,10,850,5,1998,1999,110,0
3,43,62,20,252,0,0,0,0
24,84,47,536,2000,291,851,1205,4
25,75,45,482,0,0,0,0,0
85,98,0,0,0,0,0,0,0
2001,852,3,0,0,0,0,0,0
163,21,255,52,42,31,0,0,0
28,314,197,14,0,0,0,0,0
90,27,76,12,140,0,0,0,0
9,33,2002,2003,2004,19,2005,1206,2006
280,343,763,28,2008,99,2009,2010,0
132,545,8,90,108,29,131,58,756
16,4,1207,2013,8,826,2014,853,543
364,59,168,62,264,0,0,0,0
279,1153,1208,37,2016,491,2017,2018,25
128,854,184,36,23,10,598,0,0
34,8,0,0,0,0,0,0,0
1210,768,58,23,42,855,0,0,0
2,206,105,49,1211,0,0,0,0
81,675,2021,0,0,0,0,0,0
856,1212,50,2022,212,0,0,0,0
50,1213,0,0,0,0,0,0,0
173,34,6,30,173,1214,0,0,0
2023,15,0,0,0,0,0,0,0
44,359,31,0,0,0,0,0,0
161,152,168,2024,161,2025,250,0,0
11,344,1215,157,1216,537,161,546,109
35,94,2026,251,67,106,454,12,1217
345,302,97,177,2027,0,0,0,0
2,197,0,0,0,0,0,0,0
13,547,67,238,227,0,0,0,0
13,330,4,100,0,0,0,0,0
291,52,135,12,62,151,823,0,0
1218,219,299,0,0,0,0,0,0
15,79,632,44,0,0,0,0,0
857,111,858,7,1219,1220,2028,2029,0
181,346,19,119,483,859,332,65,0
332,2030,2031,65,83,129,0,0,0
6,70,17,676,2032,2033,426,1221,222
202,2,1222,0,0,0,0,0,0
49,38,2034,1223,2035,68,341,2036,2037
105,80,27,0,0,0,0,0,0
1224,388,303,193,0,0,0,0,0
519,1225,595,5,23,162,0,0,0
15,192,0,0,0,0,0,0,0
1226,81,2039,0,0,0,0,0,0
388,303,860,0,0,0,0,0,0
75,1227,2040,1228,2041,49,677,216,533
190,80,370,861,0,0,0,0,0
2043,2044,30,17,1035,2045,231,1229,0
2046,2,143,6,25,678,149,2047,51
580,862,26,29,0,0,0,0,0
124,117,9,58,118,455,389,5,23
280,123,28,11,434,264,112,11,2048
208,100,1114,48,13,29,2050,214,284
219,2051,93,12,770,24,2,47,184
229,775,145,775,752,444,863,864,1231
2052,30,171,123,2053,505,0,0,0
87,2054,412,2055,2056,0,0,0,0
20,272,0,0,0,0,0,0,0
11,3,1232,203,11,0,0,0,0
181,83,218,52,181,210,123,12,2
2057,145,61,256,2,316,0,0,0
142,865,100,549,432,2,3,0,0
866,43,3,206,0,0,0,0,0
13,26,94,323,191,0,0,0,0
2058,25,212,1233,526,680,0,0,0
2059,2060,263,25,444,0,0,0,0
817,5,19,0,0,0,0,0,0
21,52,104,0,0,0,0,0,0
55,867,0,0,0,0,0,0,0
85,27,0,0,0,0,0,0,0
2061,1234,868,0,0,0,0,0,0
3,527,54,0,0,0,0,0,0
2062,1235,13,250,0,0,0,0,0
95,71,160,0,0,0,0,0,0
9,217,859,424,1236,2063,0,0,0
84,286,0,0,0,0,0,0,0
114,43,1237,445,153,170,0,0,0
15,348,550,551,44,673,0,0,0
191,0,0,0,0,0,0,0,0
22,91,529,0,0,0,0,0,0
34,116,20,61,3,31,0,0,0
257,2,285,798,311,0,0,0,0
10,2064,2065,338,410,1041,836,253,331
34,14,0,0,0,0,0,0,0
2,1239,349,0,0,0,0,0,0
267,2066,131,223,19,0,0,0,0
2067,89,0,0,0,0,0,0,0
2068,25,63,2069,155,1057,63,350,63
473,552,69,37,639,6,66,20,16
4,22,81,0,0,0,0,0,0
10,1240,199,151,351,156,14,0,0
869,870,1158,681,2070,206,137,8,383
43,244,19,784,339,86,8,55,73
352,0,0,0,0,0,0,0,0
125,214,2072,6,84,304,2073,3,11
51,64,14,669,418,78,6,391,98
8,530,449,0,0,0,0,0,0
682,159,110,189,0,0,0,0,0
361,308,6,8,454,2074,0,0,0
1131,80,195,2075,456,0,0,0,0
289,0,0,0,0,0,0,0,0
871,457,197,6,2,3,50,0,0
5,20,2076,1242,0,0,0,0,0
249,202,19,496,1243,1244,71,3,244
872,283,101,20,873,9,92,137,83
2078,0,0,0,0,0,0,0,0
158,874,0,0,0,0,0,0,0
30,258,111,683,160,1246,875,876,0
34,0,0,0,0,0,0,0,0
10,2079,1247,121,10,203,0,0,0
511,272,2080,2081,877,0,0,0,0
2082,115,2083,684,10,878,879,611,1248
174,685,880,319,1042,373,686,76,1249
596,2102,80,2103,99,0,0,0,0
30,2104,41,167,0,0,0,0,0
6,2105,1250,1083,883,5,238,1251,9
2108,431,44,385,8,0,0,0,0
4,332,353,2109,0,0,0,0,0
272,50,2110,2111,37,886,13,71,388
51,305,887,82,681,0,0,0,0
379,110,165,15,28,351,0,0,0
392,254,393,16,129,0,0,0,0
296,4,874,0,0,0,0,0,0
553,2112,672,688,0,0,0,0,0
15,77,191,415,551,241,96,161,11
61,2113,100,0,0,0,0,0,0
2,197,2114,11,0,0,0,0,0
9,58,1051,1052,5,139,1254,55,6
14,78,0,0,0,0,0,0,0
6,1255,588,1034,689,2115,2116,49,358
61,176,14,0,0,0,0,0,0
2119,7,13,2120,1257,2121,2122,609,2123
176,107,41,530,2125,0,0,0,0
1258,123,74,96,2126,2127,107,8,554
158,97,161,4,11,120,1259,221,0
2128,11,84,2,1260,54,351,160,293
753,690,5,268,289,0,0,0,0
34,495,691,11,105,208,891,253,394
4,548,0,0,0,0,0,0,0
163,164,0,0,0,0,0,0,0
57,12,82,6,48,391,607,1262,0
3,330,692,0,0,0,0,0,0
415,892,108,1263,893,1264,46,77,605
164,8,0,0,0,0,0,0,0
2,1265,878,2129,2130,600,118,2131,0
128,47,65,0,0,0,0,0,0
382,785,185,649,17,683,894,0,0
85,786,0,0,0,0,0,0,0
79,758,21,310,2132,0,0,0,0
352,94,895,117,1018,1266,2133,232,425
79,354,1205,0,0,0,0,0,0
93,2134,1267,0,0,0,0,0,0
1268,1055,220,2135,2136,2137,881,1269,158
870,8,693,157,0,0,0,0,0
24,2,2138,0,0,0,0,0,0
324,896,1270,616,1215,0,0,0,0
147,4,12,2139,0,0,0,0,0
396,7,66,29,1271,484,1197,7,390
26,93,9,0,0,0,0,0,0
58,165,15,0,0,0,0,0,0
14,10,2140,6,60,0,0,0,0
2141,694,2142,285,510,257,41,10,86
2144,2145,33,3,7,0,0,0,0
103,222,43,545,203,695,2146,1266,94
8,244,13,129,0,0,0,0,0
128,47,372,207,0,0,0,0,0
14,57,696,78,0,0,0,0,0
897,377,20,173,743,0,0,0,0
2148,2149,898,1272,899,127,12,555,242
25,4,53,2150,556,900,2151,2152,1273
354,1275,1276,2153,39,0,0,0,0
142,1025,1092,18,1087,32,7,1277,538
633,24,21,50,901,0,0,0,0
9,21,1155,662,1150,902,0,0,0
2155,7,19,32,697,116,16,640,45
2,3,1279,2162,755,0,0,0,0
52,16,13,2163,2164,0,0,0,0
6,349,354,2165,215,1280,2166,278,337
9,557,2167,36,49,2168,0,0,0
190,1024,144,0,0,0,0,0,0
1281,103,343,763,904,615,0,0,0
147,2169,1282,0,0,0,0,0,0
458,1283,97,0,0,0,0,0,0
66,40,834,2170,40,2171,586,37,163
459,5,111,258,5,0,0,0,0
41,3,222,6,65,268,289,0,0
3,16,129,0,0,0,0,0,0
2172,35,141,19,1022,390,101,16,0
142,635,331,208,33,905,327,779,46
292,202,365,30,218,845,29,2175,2176
352,52,0,0,0,0,0,0,0
231,207,908,157,204,2177,45,558,340
26,48,82,27,503,286,0,0,0
7,49,281,2180,610,5,82,1287,0
69,9,2181,1105,56,0,0,0,0
11,4,2182,0,0,0,0,0,0
26,94,544,2183,1288,397,0,0,0
114,2184,254,367,286,2185,0,0,0
267,900,3,186,2186,1289,124,0,0
160,532,2187,909,2188,421,1290,884,2189
1291,196,0,0,0,0,0,0,0
8,1253,327,28,2190,0,0,0,0
790,33,66,266,618,1292,618,144,1293
3,451,500,274,3,11,274,0,0
2,2191,97,0,0,0,0,0,0
4,38,54,0,0,0,0,0,0
2192,7,433,0,0,0,0,0,0
599,2193,2194,2195,0,0,0,0,0
394,266,180,0,0,0,0,0,0
25,212,1294,2196,2197,2198,904,2199,1295
62,353,53,2201,504,910,23,0,0
363,8,1296,6,96,2,301,49,0
2,67,287,0,0,0,0,0,0
497,106,12,161,28,29,192,0,0
151,2202,0,0,0,0,0,0,0
75,92,182,340,0,0,0,0,0
2,27,0,0,0,0,0,0,0
33,1133,236,28,172,532,209,0,0
680,5,288,1297,455,252,480,12,95
15,550,30,29,202,13,10,10,0
790,559,2203,0,0,0,0,0,0
181,245,0,0,0,0,0,0,0
11,678,2204,64,2,3,0,0,0
690,553,368,199,2205,1298,2206,0,0
5,911,68,2207,21,32,41,595,0
163,22,698,329,494,223,0,0,0
912,1299,2208,1300,2209,2210,17,381,88
75,319,2211,2212,2213,1301,1302,73,679
577,2216,439,0,0,0,0,0,0
36,425,2217,2218,460,0,0,0,0
199,699,587,70,130,352,0,0,0
2219,539,4,2220,213,595,0,0,0
154,560,1303,21,1304,2221,0,0,0
119,2222,0,0,0,0,0,0,0
1305,700,9,2223,0,0,0,0,0
2224,221,1306,68,539,461,0,0,0
35,23,29,27,319,133,96,544,0
1307,2225,6,64,196,76,462,1308,38
28,115,56,163,99,2227,0,0,0
4,8,0,0,0,0,0,0,0
2228,84,302,1309,2229,0,0,0,0
5,39,914,164,701,915,77,2230,834
380,2,121,10,298,561,6,2237,1311
2,20,292,46,2239,2240,21,285,510
393,10,3,550,14,2243,825,1239,2244
558,383,2245,1089,2246,581,0,0,0
2247,160,562,2248,142,0,0,0,0
2,197,38,0,0,0,0,0,0
91,2249,340,398,10,1313,1314,0,0
16,55,355,377,0,0,0,0,0
2250,43,703,0,0,0,0,0,0
4,7,4,271,0,0,0,0,0
309,92,26,93,12,80,9,17,90
813,354,2251,230,22,81,0,0,0
246,173,1315,2252,2253,548,420,1315,548
20,442,2255,916,5,40,5,917,1316
20,167,0,0,0,0,0,0,0
349,271,2256,1317,53,323,7,66,1318
166,2257,919,744,54,259,24,48,31
98,0,0,0,0,0,0,0,0
57,101,346,19,0,0,0,0,0
72,2258,287,452,1319,0,0,0,0
255,704,3,117,514,234,8,2259,62
2262,9,117,1320,0,0,0,0,0
378,86,2263,1321,453,2,920,0,0
685,327,706,0,0,0,0,0,0
161,302,44,921,109,133,12,0,0
2264,707,260,256,1322,1323,0,0,0
54,408,299,692,260,353,32,2265,2
89,2267,687,2,2268,2269,2270,1325,2271
24,47,0,0,0,0,0,0,0
55,241,203,205,8,353,6,708,2
2272,323,1327,17,320,0,0,0,0
228,17,528,41,14,2273,1308,0,0
20,173,0,0,0,0,0,0,0
84,29,27,0,0,0,0,0,0
150,1328,0,0,0,0,0,0,0
151,49,275,755,2,3,2274,0,0
280,9,545,839,1174,1329,2275,2276,2
2278,154,430,294,4,2279,299,0,0
58,9,356,0,0,0,0,0,0
392,1330,906,473,0,0,0,0,0
269,689,5,13,66,218,2280,191,579
169,10,11,15,0,0,0,0,0
291,3,31,261,52,315,291,709,0
506,7,13,26,41,106,0,0,0
159,1331,189,25,922,2281,312,0,0
37,7,2282,19,533,0,0,0,0
34,416,71,221,150,0,0,0,0
27,3,2283,2284,1332,408,765,304,1287
5,2285,542,14,0,0,0,0,0
268,1333,115,2286,87,2287,241,2288,2289
119,24,2,29,0,0,0,0,0
246,2,3,0,0,0,0,0,0
236,178,147,602,68,4,229,193,539
708,29,321,11,0,0,0,0,0
95,2,16,0,0,0,0,0,0
3,33,464,385,322,2291,1204,225,0
183,2292,616,13,405,638,10,2293,616
116,8,220,104,2295,2296,288,332,2297
128,2298,0,0,0,0,0,0,0
464,159,385,97,1334,921,109,0,0
10,923,2299,0,0,0,0,0,0
2300,26,10,2301,6,9,924,101,397
246,228,109,2302,1304,0,0,0,0
46,901,2303,2304,12,2305,7,0,0
13,708,1336,5,2306,710,532,915,1337
460,374,18,4,691,1338,489,97,177
126,24,1339,1340,1242,1341,24,182,374
121,181,52,346,1342,28,50,670,0
269,276,55,59,132,925,247,545,407
128,2309,577,2310,2311,0,0,0,0
36,344,812,198,6,66,926,465,330
324,894,198,2312,560,310,20,2,266
253,927,0,0,0,0,0,0,0
163,105,226,928,8,41,422,526,2313
62,1216,929,252,6,646,537,541,59
51,10,29,27,28,711,1343,15,35
110,0,0,0,0,0,0,0,0
26,563,225,0,0,0,0,0,0
25,551,285,930,1295,353,32,296,378
653,158,0,0,0,0,0,0,0
188,241,12,330,18,17,0,0,0
14,4,0,0,0,0,0,0,0
153,38,0,0,0,0,0,0,0
15,302,97,0,0,0,0,0,0
291,5,411,143,3,216,888,2315,2316
787,38,0,0,0,0,0,0,0
35,29,0,0,0,0,0,0,0
195,4,2319,382,712,2320,18,244,3
112,147,279,6,35,168,0,0,0
158,486,1345,298,2321,2322,0,0,0
881,931,2323,20,127,134,2324,2325,2326
9,33,628,2328,228,420,229,0,0
2329,16,0,0,0,0,0,0,0
21,14,140,461,13,349,497,2330,0
58,2331,23,0,0,0,0,0,0
2,3,80,0,0,0,0,0,0
71,13,17,0,0,0,0,0,0
282,2,267,345,18,133,2332,1346,480
39,219,7,0,0,0,0,0,0
2333,2334,713,95,136,77,8,0,0
4,77,195,0,0,0,0,0,0
3,38,3,847,0,0,0,0,0
352,53,36,681,19,2335,2336,1211,1347
564,50,7,334,1348,0,0,0,0
39,0,0,0,0,0,0,0,0
2337,164,41,2338,6,797,714,933,2339
636,347,0,0,0,0,0,0,0
146,26,93,12,80,0,0,0,0
759,77,112,21,11,23,638,0,0
2340,7,449,2341,766,1036,716,0,0
168,343,59,28,500,520,28,55,2342
58,100,23,0,0,0,0,0,0
2343,1222,0,0,0,0,0,0,0
34,338,1349,2344,1350,650,372,934,0
84,90,27,0,0,0,0,0,0
653,1260,198,0,0,0,0,0,0
85,64,26,10,690,26,105,9,6
29,14,2345,0,0,0,0,0,0
233,10,1086,668,1351,166,6,383,1352
1354,2351,31,38,0,0,0,0,0
497,2352,554,108,0,0,0,0,0
6,86,27,312,0,0,0,0,0
9,16,404,106,0,0,0,0,0
255,355,6,20,10,0,0,0,0
1193,228,104,474,7,373,2353,828,0
84,150,1328,0,0,0,0,0,0
2,317,0,0,0,0,0,0,0
459,5,336,111,3,935,3,903,236
4,8,0,0,0,0,0,0,0
182,2354,216,907,71,0,0,0,0
261,335,62,354,31,255,52,106,0
2355,2356,471,87,716,0,0,0,0
11,709,17,67,266,1282,399,58,534
86,306,1355,0,0,0,0,0,0
4,936,0,0,0,0,0,0,0
365,270,1356,0,0,0,0,0,0
43,113,128,2358,0,0,0,0,0
1357,7,2359,110,2360,32,463,5,160
709,67,397,5,222,25,2363,2364,49
270,340,0,0,0,0,0,0,0
11,2365,0,0,0,0,0,0,0
13,1361,1154,403,2366,25,61,466,140
17,19,13,17,0,0,0,0,0
171,5,668,30,1362,64,771,523,379
34,2368,52,2369,255,52,4,248,3
654,184,29,53,0,0,0,0,0
2370,2371,2372,2373,2374,717,2375,211,125
10,241,434,922,104,366,432,400,79
307,11,0,0,0,0,0,0,0
123,564,93,12,1364,891,61,341,2377
26,94,118,387,14,6,85,27,2379
200,1366,0,0,0,0,0,0,0
4,360,97,252,15,0,0,0,0
62,8,2380,2381,396,0,0,0,0
21,1367,342,385,0,0,0,0,0
176,0,0,0,0,0,0,0,0
232,297,18,718,2382,2383,1368,938,2384
396,122,14,0,0,0,0,0,0
21,187,2386,2387,2388,0,0,0,0
2389,2390,175,179,2391,1369,0,0,0
39,143,75,92,134,0,0,0,0
153,120,121,3,398,0,0,0,0
589,8,17,43,113,2392,482,794,0
4,11,4,15,488,97,561,0,0
83,10,1370,362,1371,2393,0,0,0
16,129,261,2394,1372,68,60,2395,43
233,174,82,2396,172,99,529,0,0
2397,17,0,0,0,0,0,0,0
2398,2399,59,13,28,2400,0,0,0
410,300,2401,2402,70,2,562,939,27
25,21,748,624,940,0,0,0,0
15,431,191,0,0,0,0,0,0
21,489,940,125,0,0,0,0,0
9,5,218,53,2403,90,554,35,525
2,2405,210,344,2406,0,0,0,0
25,4,413,1033,0,0,0,0,0
169,7,253,111,858,0,0,0,0
2407,565,0,0,0,0,0,0,0
169,10,14,68,0,0,0,0,0
20,352,38,125,0,0,0,0,0
2408,2409,411,7,340,1373,12,0,0
220,64,298,2410,6,48,28,351,14
5,17,0,0,0,0,0,0,0
22,82,156,296,122,2411,1335,0,0
841,300,15,0,0,0,0,0,0
1374,7,160,396,1375,1376,2412,303,1377
440,167,0,0,0,0,0,0,0
119,9,210,750,558,2413,7,23,162
2414,2415,0,0,0,0,0,0,0
2416,561,566,2417,283,0,0,0,0
45,110,273,333,0,0,0,0,0
416,2418,684,10,2419,601,2420,0,0
249,179,1378,43,29,941,366,2421,339
2423,2424,198,0,0,0,0,0,0
458,77,191,15,0,0,0,0,0
323,7,32,0,0,0,0,0,0
7,18,4,88,715,271,942,522,210
46,132,2431,861,2432,154,26,277,0
104,2433,467,2434,171,720,1379,567,8
20,10,38,261,2435,2436,63,87,945
440,103,2437,373,1380,450,0,0,0
142,2438,52,2439,2,3,72,12,243
35,308,926,0,0,0,0,0,0
217,0,0,0,0,0,0,0,0
2442,2443,1341,2444,131,8,6,890,820
2445,160,50,1251,17,8,2446,275,329
946,49,230,947,0,0,0,0,0
34,1212,0,0,0,0,0,0,0
269,2447,269,2448,622,1381,242,778,9
173,278,230,287,1223,130,2449,0,0
285,193,2,285,312,193,358,438,2450
1383,2454,43,16,4,0,0,0,0
34,1361,5,463,5,9,1080,50,0
248,79,0,0,0,0,0,0,0
1374,9,210,1384,2455,23,162,948,948
2456,2457,255,52,0,0,0,0,0
103,43,8,295,27,376,2458,0,0
213,173,49,18,224,248,2459,0,0
4,11,54,341,31,401,32,0,0
130,1385,872,2,3,0,0,0,0
16,4,230,254,240,2,350,74,1386
22,91,906,0,0,0,0,0,0
355,568,2460,2461,1387,0,0,0,0
91,61,51,76,136,463,0,0,0
2462,37,278,2463,2464,0,0,0,0
43,802,391,0,0,0,0,0,0
2465,213,9,949,676,48,95,538,186
722,569,156,2466,1388,70,2467,0,0
4,723,457,0,0,0,0,0,0
724,48,27,135,12,0,0,0,0
9,66,16,189,0,0,0,0,0
161,44,30,174,582,77,1230,218,837
157,215,14,0,0,0,0,0,0
71,141,57,155,372,390,2468,469,50
44,42,0,0,0,0,0,0,0
635,211,2469,27,76,355,139,0,0
34,927,614,2470,374,671,0,0,0
79,38,0,0,0,0,0,0,0
21,254,162,1248,394,0,0,0,0
440,232,5,227,18,68,232,0,0
528,204,0,0,0,0,0,0,0
153,0,0,0,0,0,0,0,0
11,3,0,0,0,0,0,0,0
26,0,0,0,0,0,0,0,0
4,38,0,0,0,0,0,0,0
24,2471,371,886,149,0,0,0,0
135,12,139,2472,5,0,0,0,0
35,1391,145,950,0,0,0,0,0
54,445,39,38,24,128,47,0,0
95,2,83,0,0,0,0,0,0
272,1392,15,759,0,0,0,0,0
2473,8,383,935,0,0,0,0,0
2,375,0,0,0,0,0,0,0
2474,78,0,0,0,0,0,0,0
30,1161,79,592,265,12,2475,2476,190
315,180,0,0,0,0,0,0,0
7,155,753,2478,662,463,468,433,2479
1393,1394,419,2480,0,0,0,0,0
1381,76,462,9,647,32,321,0,0
58,8,23,0,0,0,0,0,0
63,848,1395,2,2481,0,0,0,0
1396,407,725,2482,2,103,279,1396,726
452,889,902,2484,6,2485,7,0,0
14,146,50,951,0,0,0,0,0
189,50,152,0,0,0,0,0,0
1294,62,353,657,62,641,825,145,0
194,8,0,0,0,0,0,0,0
26,48,23,831,5,1144,51,0,0
21,1397,46,1112,273,2486,278,1181,1398
2490,746,2491,0,0,0,0,0,0
132,727,6,48,9,21,5,23,0
11,159,3,0,0,0,0,0,0
537,123,664,2,1399,1400,0,0,0
2492,939,681,0,0,0,0,0,0
126,32,792,258,279,2493,590,2494,422
17,248,0,0,0,0,0,0,0
2495,145,457,71,211,28,2496,2497,0
1401,1402,0,0,0,0,0,0,0
145,256,1403,1404,952,328,477,0,0
76,12,871,699,293,301,53,236,2498
1405,427,188,953,240,196,954,145,0
468,2499,2500,0,0,0,0,0,0
357,1186,142,419,277,30,174,765,946
20,17,0,0,0,0,0,0,0
21,122,125,211,55,2501,9,18,21
180,7,565,1407,16,1408,0,0,0
653,2,563,5,1246,875,876,99,6
536,63,1410,2503,21,0,0,0,0
70,1411,527,174,128,317,348,1180,716
15,39,54,61,408,415,140,2504,314
6,2508,273,175,2509,0,0,0,0
612,773,37,325,2,2510,2511,1339,6
61,3,38,0,0,0,0,0,0
75,633,2,253,35,20,2515,2516,2517
171,60,5,2518,0,0,0,0,0
499,1169,399,24,35,651,2519,2520,208
396,2521,87,66,2522,2523,2524,118,326
392,33,2527,112,0,0,0,0,0
164,761,7,2528,2529,2530,1415,143,0
260,667,0,0,0,0,0,0,0
30,472,8,2531,2532,1416,337,70,16
3,2533,0,0,0,0,0,0,0
862,724,93,80,0,0,0,0,0
9,542,796,5,23,162,0,0,0
2,2534,2,2535,6,13,106,0,0
1071,112,345,23,90,2536,0,0,0
9,14,702,24,1291,29,27,0,0
2537,15,55,241,73,61,153,0,0
44,1171,656,353,16,0,0,0,0
4,8,0,0,0,0,0,0,0
951,316,0,0,0,0,0,0,0
512,54,0,0,0,0,0,0,0
238,2538,0,0,0,0,0,0,0
161,2,955,387,26,147,2539,178,2540
15,110,11,307,0,0,0,0,0
21,461,298,0,0,0,0,0,0
43,113,70,2,135,67,261,2541,2542
5,176,0,0,0,0,0,0,0
219,7,390,956,22,2543,0,0,0
77,216,308,957,0,0,0,0,0
115,123,2544,59,2545,2546,2547,146,45
1418,2549,913,1134,27,14,2550,18,67
406,0,0,0,0,0,0,0,0
125,3,0,0,0,0,0,0,0
39,38,54,0,0,0,0,0,0
111,2552,303,28,3,214,6,14,20
958,93,12,0,0,0,0,0,0
2553,7,525,0,0,0,0,0,0
169,509,5,56,115,56,959,0,0
207,729,2554,39,165,15,0,0,0
24,2,47,195,184,0,0,0,0
614,2555,2556,0,0,0,0,0,0
628,2557,200,8,499,0,0,0,0
71,1179,0,0,0,0,0,0,0
658,2558,59,664,485,665,2559,264,673
3,12,0,0,0,0,0,0,0
2560,2561,960,0,0,0,0,0,0
2562,8,961,915,373,1419,0,0,0
6,26,10,0,0,0,0,0,0
2563,2564,16,1412,1405,117,511,641,215
189,312,2,67,299,13,17,0,0
9,5,35,1420,962,163,315,2565,155
2568,243,0,0,0,0,0,0,0
177,4,380,4,0,0,0,0,0
963,2569,516,229,34,0,0,0,0
328,1421,1422,2570,140,172,730,2571,698
847,2572,391,51,1423,2573,0,0,0
75,1300,88,0,0,0,0,0,0
210,48,1424,621,1425,1426,56,59,0
99,2574,244,375,0,0,0,0,0
570,107,9,23,130,141,861,0,0
2,3,195,141,334,81,1427,1428,2575
435,547,6,102,0,0,0,0,0
633,0,0,0,0,0,0,0,0
248,52,39,0,0,0,0,0,0
147,2576,120,11,102,0,0,0,0
2577,10,492,1115,2578,69,964,964,603
119,2,2580,29,27,0,0,0,0
4,693,2581,1429,567,439,392,292,49
2585,167,2586,1017,2587,42,2588,1226,124
190,731,49,46,41,453,731,46,450
1345,2589,23,4,1430,437,75,2590,663
125,21,2595,23,0,0,0,0,0
958,2596,0,0,0,0,0,0,0
11,20,542,0,0,0,0,0,0
226,26,30,1431,316,104,0,0,0
458,644,127,0,0,0,0,0,0
965,2597,2598,2599,2600,4,187,339,0
169,4,100,0,0,0,0,0,0
21,89,5,124,6,85,2601,0,0
390,181,1432,384,0,0,0,0,0
127,0,0,0,0,0,0,0,0
114,56,2602,2603,80,0,0,0,0
357,1433,661,669,1394,570,141,646,251
161,192,122,324,34,2605,1434,2606,1435
2607,47,0,0,0,0,0,0,0
70,2608,2609,1281,40,768,13,379,26
1436,151,2612,0,0,0,0,0,0
21,52,23,0,0,0,0,0,0
1245,28,52,111,20,960,0,0,0
2613,489,61,757,160,1358,481,0,0
104,185,115,115,115,55,123,43,24
42,31,3,1432,176,0,0,0,0
1123,13,538,0,0,0,0,0,0
83,63,19,181,0,0,0,0,0
57,111,2615,3,387,694,2616,1437,8
2618,2619,0,0,0,0,0,0,0
183,2620,1438,2621,86,2622,0,0,0
2623,297,2624,967,0,0,0,0,0
263,696,638,256,0,0,0,0,0
963,7,95,2625,288,942,369,2626,2627
360,4,417,2629,2630,594,490,2631,0
151,103,282,0,0,0,0,0,0
1439,571,307,21,0,0,0,0,0
133,81,724,94,695,0,0,0,0
17,351,456,15,0,0,0,0,0
1440,110,732,7,18,1441,2632,0,0
464,2633,0,0,0,0,0,0,0
183,262,347,107,193,82,12,2634,98
24,2,47,14,0,0,0,0,0
2635,201,147,602,816,0,0,0,0
2636,233,10,35,968,969,11,193,0
22,2637,970,221,458,172,22,2638,198
18,639,37,325,1310,0,0,0,0
776,18,13,238,369,1443,0,0,0
2640,2641,631,87,2642,792,2643,0,0
733,971,0,0,0,0,0,0,0
68,505,572,3,8,0,0,0,0
311,78,0,0,0,0,0,0,0
628,5,10,0,0,0,0,0,0
2644,2645,882,21,33,183,0,0,0
267,30,1444,0,0,0,0,0,0
84,157,1012,95,2,2646,205,8,2647
221,51,3,527,36,2,2648,0,0
16,0,0,0,0,0,0,0,0
9,37,182,534,354,69,306,2649,2650
972,87,377,449,0,0,0,0,0
263,193,734,617,10,2651,501,0,0
103,465,421,973,422,0,0,0,0
2,2652,7,24,1009,2653,6,25,1418
2,3,2656,0,0,0,0,0,0
435,17,7,0,0,0,0,0,0
84,278,854,27,726,599,368,1163,0
2,2657,373,220,837,2,292,29,27
199,61,706,0,0,0,0,0,0
624,224,0,0,0,0,0,0,0
24,84,47,910,19,178,0,0,0
492,2658,0,0,0,0,0,0,0
263,2659,1446,238,257,725,1447,263,314
13,34,517,0,0,0,0,0,0
8,1170,213,1448,164,0,0,0,0
238,2660,239,198,28,376,310,0,0
664,657,0,0,0,0,0,0,0
227,660,3,12,0,0,0,0,0
154,1449,317,0,0,0,0,0,0
4,254,0,0,0,0,0,0,0
2661,53,5,467,0,0,0,0,0
6,2662,1254,62,106,518,0,0,0
1015,238,0,0,0,0,0,0,0
342,2663,1450,620,2664,6,2665,727,0
856,2666,2667,58,96,916,2668,0,0
74,2669,2670,247,2671,334,1451,2672,2673
1452,1429,693,95,2,2675,0,0,0
2676,53,2677,2678,166,974,2679,2680,72
283,250,0,0,0,0,0,0,0
402,2688,1454,975,2689,98,0,0,0
11,589,0,0,0,0,0,0,0
2690,55,105,2691,0,0,0,0,0
65,1455,87,897,18,22,516,229,1456
114,1457,36,40,255,52,83,60,6
231,1458,209,108,18,77,22,1459,110
5,20,1348,0,0,0,0,0,0
142,73,2694,334,28,1289,2695,2696,108
694,264,15,61,252,0,0,0,0
57,300,322,82,941,801,59,0,0
6,13,2,127,0,0,0,0,0
2698,2699,617,256,0,0,0,0,0
14,44,1460,0,0,0,0,0,0
246,17,5,13,735,17,0,0,0
45,659,273,663,19,400,2700,2701,1461
922,393,61,1462,976,61,2702,6,528
33,138,321,2703,2704,0,0,0,0
48,946,9,292,188,2705,8,0,0
706,8,163,2706,0,0,0,0,0
184,2707,301,187,705,0,0,0,0
142,51,1434,2708,344,920,0,0,0
226,1463,697,291,1464,1436,1072,2709,14
844,247,148,0,0,0,0,0,0
61,977,0,0,0,0,0,0,0
26,1305,0,0,0,0,0,0,0
396,66,351,53,0,0,0,0,0
25,121,10,378,114,2,32,401,0
346,2710,386,19,0,0,0,0,0
896,1270,2711,2712,2713,2714,476,772,1465
53,236,1318,1160,78,591,46,125,808
625,2715,1240,272,5,0,0,0,0
2716,2717,938,1411,0,0,0,0,0
177,4,11,1466,235,451,274,0,0
39,38,0,0,0,0,0,0,0
504,3,154,0,0,0,0,0,0
1467,193,130,2718,265,19,0,0,0
2719,69,155,6,832,98,0,0,0
118,289,2720,2721,0,0,0,0,0
170,276,65,0,0,0,0,0,0
178,3,1442,260,444,0,0,0,0
629,156,24,2722,215,2723,2724,13,28
1333,49,1468,0,0,0,0,0,0
2726,65,101,83,0,0,0,0,0
648,4,33,0,0,0,0,0,0
16,4,0,0,0,0,0,0,0
4,42,237,697,201,237,47,5,67
2727,976,1293,330,0,0,0,0,0
71,175,102,0,0,0,0,0,0
39,107,112,925,2728,0,0,0,0
35,82,27,0,0,0,0,0,0
5,1469,1470,32,619,1471,29,230,124
2729,63,26,49,1472,2730,2731,0,0
16,4,0,0,0,0,0,0,0
125,18,141,10,961,0,0,0,0
2732,818,2733,40,121,10,733,2734,225
8,252,778,190,903,2735,2736,2737,1198
13,857,2738,2739,1473,2740,2741,2,186
344,542,689,7,1474,2742,187,0,0
172,22,81,52,2743,2744,1347,2745,0
105,168,307,11,2746,110,15,14,0
1475,1162,98,85,27,1476,432,0,0
85,1128,0,0,0,0,0,0,0
710,7,120,2747,328,0,0,0,0
359,3,434,0,0,0,0,0,0
103,77,17,15,6,11,152,0,0
102,0,0,0,0,0,0,0,0
157,1477,184,2748,58,2749,2750,359,0
57,140,298,2,1478,0,0,0,0
142,61,3,45,210,1030,7,0,0
220,17,7,23,32,0,0,0,0
8,103,811,300,10,55,247,123,478
25,67,2751,7,40,1479,0,0,0
86,357,2752,18,2753,205,8,57,33
393,327,1371,978,818,2754,1100,314,0
646,2755,1469,2756,27,1481,543,0,0
4,38,0,0,0,0,0,0,0
976,488,14,19,1482,0,0,0,0
141,19,1483,869,2757,1484,52,934,332
148,2759,2760,923,2761,58,356,0,0
1485,2,2762,573,5,598,677,0,0
45,293,143,309,2763,0,0,0,0
171,849,11,2764,6,13,159,11,0
568,122,513,626,7,0,0,0,0
338,41,608,1455,1384,0,0,0,0
4,50,1119,4,0,0,0,0,0
4,1481,934,8,878,0,0,0,0
2765,2766,1317,7,2767,2768,2769,0,0
682,250,0,0,0,0,0,0,0
3,265,16,129,626,2770,650,230,374
45,908,2771,10,2772,2773,17,2774,555
2781,2782,2783,699,175,0,0,0,0
30,2784,241,356,929,1486,1147,2785,630
38,318,51,9,95,293,16,125,60
1487,8,30,81,0,0,0,0,0
13,459,7,47,0,0,0,0,0
211,269,276,783,205,8,536,9,57
536,2787,153,6,42,31,240,2788,60
655,2789,1479,124,136,508,840,283,157
20,196,2790,975,2791,30,319,310,21
25,72,1488,53,2792,1084,594,980,2793
2794,95,2,1489,67,184,94,361,2795
271,2796,2797,1453,2798,2799,2800,2801,2802
3,65,39,265,0,0,0,0,0
2803,607,4,676,0,0,0,0,0
182,276,1441,2804,131,498,7,28,53
5,2805,2806,2807,2808,586,131,143,1249
32,65,226,419,1490,0,0,0,0
118,348,356,453,603,1491,571,297,2812
34,295,11,44,897,2814,2815,2816,77
4,38,54,0,0,0,0,0,0
981,550,2818,74,339,1472,205,8,43
495,501,44,2820,851,47,65,0,0
388,303,361,1402,0,0,0,0,0
2821,652,2822,7,0,0,0,0,0
2823,1235,828,347,1207,2824,1492,243,873
128,317,0,0,0,0,0,0,0
21,611,23,113,0,0,0,0,0
9,949,170,23,0,0,0,0,0
36,2,267,46,879,2825,0,0,0
48,2,0,0,0,0,0,0,0
358,401,259,1008,470,2826,2827,54,3
13,1493,0,0,0,0,0,0,0
42,224,96,185,981,31,0,0,0
57,33,544,2828,0,0,0,0,0
66,94,1494,723,36,1124,102,0,0
20,158,75,92,2829,1495,1316,960,6
7,424,714,149,0,0,0,0,0
316,1355,105,504,696,0,0,0,0
161,44,729,2832,177,0,0,0,0
569,204,939,0,0,0,0,0,0
932,154,154,2833,686,18,154,21,58
4,387,0,0,0,0,0,0,0
2834,89,124,2835,0,0,0,0,0
19,2836,1496,524,44,517,0,0,0
887,982,176,0,0,0,0,0,0
1497,496,55,117,22,520,244,0,0
569,133,133,843,1498,9,335,16,19
574,2837,540,0,0,0,0,0,0
665,56,2838,453,91,0,0,0,0
918,1499,345,0,0,0,0,0,0
816,902,2839,24,541,809,109,1500,0
283,2840,33,40,77,937,0,0,0
54,3,467,1243,3,170,0,0,0
499,110,50,0,0,0,0,0,0
91,1409,101,962,1501,50,2841,0,0
893,2842,294,143,133,50,895,2843,2844
38,341,31,614,290,0,0,0,0
1326,1502,0,0,0,0,0,0,0
396,1497,0,0,0,0,0,0,0
395,61,566,1503,2847,1494,723,0,0
4,54,0,0,0,0,0,0,0
2848,2849,656,1334,3,737,0,0,0
14,50,951,307,11,0,0,0,0
5,1202,2850,2851,76,50,0,0,0
143,147,1504,502,0,0,0,0,0
117,355,276,387,102,0,0,0,0
2852,2853,120,37,983,2854,2855,2856,37
984,1505,3,31,230,254,2,51,320
34,33,0,0,0,0,0,0,0
36,156,2858,117,2859,0,0,0,0
142,649,219,1302,73,981,46,2860,7
50,721,0,0,0,0,0,0,0
65,305,526,2861,295,6,568,2862,826
4,37,88,2863,2864,1506,2865,0,0
413,2866,21,0,0,0,0,0,0
55,12,17,165,15,0,0,0,0
13,580,2867,1164,40,64,435,0,0
2,955,2868,402,2869,0,0,0,0
5,190,135,2870,6,196,76,59,0
2871,34,864,863,2872,2873,2874,2875,78
1407,68,72,314,2876,96,5,68,5
3,8,0,0,0,0,0,0,0
138,261,505,2877,623,6,36,2,28
191,2878,30,2879,0,0,0,0,0
197,54,65,0,0,0,0,0,0
164,2880,174,0,0,0,0,0,0
2,563,2881,410,973,38,6,2882,2883
89,872,127,1510,899,37,2885,113,82
68,460,149,0,0,0,0,0,0
9,60,298,0,0,0,0,0,0
1487,1122,2886,2887,61,153,647,0,0
1493,63,0,0,0,0,0,0,0
8,61,760,35,985,81,0,0,0
44,31,1511,2888,136,0,0,0,0
378,833,20,3,833,175,0,0,0
24,47,2889,438,0,0,0,0,0
4,14,2890,176,311,451,0,0,0
101,16,2891,2892,0,0,0,0,0
1296,290,0,0,0,0,0,0,0
22,518,1151,95,41,2893,10,1512,0
2894,645,707,1070,2895,2896,2897,2898,175
75,695,252,172,22,507,1511,1501,0
333,2899,2900,106,516,891,146,2901,2902
5,2903,9,2904,16,463,23,0,0
1513,3,116,44,222,25,18,194,297
512,0,0,0,0,0,0,0,0
7,2905,2906,692,2907,1278,41,231,1229
183,261,567,338,62,19,2910,244,38
281,731,0,0,0,0,0,0,0
165,15,110,0,0,0,0,0,0
2911,4,15,0,0,0,0,0,0
102,172,27,0,0,0,0,0,0
34,674,2912,2913,2914,9,0,0,0
15,69,22,148,0,0,0,0,0
20,3,126,209,0,0,0,0,0
3,65,0,0,0,0,0,0,0
114,1515,81,43,0,0,0,0,0
4,515,0,0,0,0,0,0,0
39,693,240,1483,8,1427,1516,0,0
461,2915,4,164,2916,241,2917,2918,1517
2922,1465,617,457,2923,260,39,457,19
10,416,443,1518,63,288,314,0,0
1188,2,3,0,0,0,0,0,0
250,527,95,2,16,8,0,0,0
1391,175,2924,257,728,2925,329,405,6
6,45,30,1389,738,2926,2927,110,413
4,154,4,229,4,606,78,365,0
45,250,0,0,0,0,0,0,0
786,0,0,0,0,0,0,0,0
39,7,0,0,0,0,0,0,0
91,163,2932,10,1519,2933,2934,1047,107
36,2,846,30,209,135,885,1149,860
43,39,835,0,0,0,0,0,0
7,41,136,256,0,0,0,0,0
72,237,16,1520,2935,2936,89,58,1271
2,33,0,0,0,0,0,0,0
470,2937,2938,1078,133,2939,76,187,2940
2941,48,4,0,0,0,0,0,0
22,2942,22,2943,22,2944,2,30,2945
2947,2948,87,703,0,0,0,0,0
90,362,213,49,213,116,326,30,2949
143,3,0,0,0,0,0,0,0
1130,706,2,2950,190,2951,248,114,0
34,4,2952,0,0,0,0,0,0
2953,2954,831,0,0,0,0,0,0
2955,911,106,2956,1521,36,817,556,982
34,1522,6,35,162,5,787,0,0
636,1523,157,1523,348,0,0,0,0
71,38,321,57,0,0,0,0,0
61,222,399,2,40,87,16,2959,2960
200,318,0,0,0,0,0,0,0
578,41,20,1524,2,3,50,10,578
20,192,969,112,84,150,953,0,0
1362,87,7,555,133,522,2961,1510,2962
34,8,1141,18,68,342,0,0,0
172,4,0,0,0,0,0,0,0
822,199,1527,1527,260,137,199,2984,260
227,1340,5,0,0,0,0,0,0
19,984,493,0,0,0,0,0,0
217,0,0,0,0,0,0,0,0
115,56,22,561,1528,56,0,0,0
99,201,0,0,0,0,0,0,0
6,2985,2986,39,2987,2988,2989,2990,182
400,24,408,2991,2992,0,0,0,0
784,1387,355,0,0,0,0,0,0
29,209,0,0,0,0,0,0,0
19,1529,223,554,5,0,0,0,0
541,1267,531,20,293,60,11,0,0
45,208,143,36,295,959,1530,294,1058
37,127,2994,2,636,732,37,0,0
26,1471,2995,150,77,2996,2997,56,56
58,123,564,113,392,1531,0,0,0
543,62,1532,2998,1533,2999,3000,3001,0
3002,3003,1196,88,533,3004,371,133,7
6,84,24,2,156,0,0,0,0
83,736,189,63,42,224,740,300,188
1534,255,52,56,0,0,0,0,0
4,14,128,47,0,0,0,0,0
2,16,205,8,350,228,254,0,0
79,1067,395,3007,32,263,642,3008,0
145,910,645,707,365,234,306,130,493
33,48,36,3009,42,3010,52,0,0
924,16,19,0,0,0,0,0,0
3011,69,71,106,3012,393,3,1199,3013
71,221,411,25,944,32,78,3016,986
24,128,47,0,0,0,0,0,0
3017,489,66,3018,395,435,299,0,0
359,447,3019,3020,6,36,2,846,63
3021,157,953,0,0,0,0,0,0
3,15,349,0,0,0,0,0,0
870,18,21,165,15,3022,0,0,0
313,7,326,253,50,0,0,0,0
2,3023,3024,271,6,24,3025,531,1535
51,1537,8,3026,21,406,0,0,0
181,63,0,0,0,0,0,0,0
11,535,391,0,0,0,0,0,0
493,205,8,117,9,0,0,0,0
122,1221,164,815,1344,0,0,0,0
310,158,954,3027,0,0,0,0,0
1386,95,2,3028,67,1383,3029,0,0
987,3030,566,0,0,0,0,0,0
142,381,926,12,8,101,3031,10,3032
193,954,21,6,4,0,0,0,0
211,1165,72,740,6,3033,3034,28,262
1256,13,1247,67,228,1400,0,0,0
17,149,17,623,146,45,40,9,735
224,1484,132,135,43,113,135,704,0
20,10,3035,656,0,0,0,0,0
161,138,27,1109,269,12,2,30,51
70,10,5,3037,988,2,67,5,10
685,880,19,491,1298,1529,0,0,0
197,52,3038,0,0,0,0,0,0
3039,3,0,0,0,0,0,0,0
196,0,0,0,0,0,0,0,0
340,30,1053,468,0,0,0,0,0
1285,3040,3041,3042,190,731,209,1522,3043
26,51,989,6,34,1233,245,32,989
68,460,91,99,46,1003,3044,99,829
657,199,565,185,1283,6,2,105,185
30,1183,712,138,3047,990,524,1136,3048
400,13,986,1332,6,427,111,589,21
442,14,882,144,0,0,0,0,0
506,3050,3051,32,1354,363,1540,3052,3053
26,93,80,0,0,0,0,0,0
721,571,566,19,0,0,0,0,0
36,2,47,0,0,0,0,0,0
4,887,0,0,0,0,0,0,0
33,10,3058,3059,365,3060,0,0,0
26,171,17,275,90,9,3061,24,2
13,1485,0,0,0,0,0,0,0
24,47,195,0,0,0,0,0,0
151,414,3062,198,0,0,0,0,0
635,81,36,2,388,3063,56,59,3064
3065,720,122,9,21,265,0,0,0
3066,857,7,441,209,0,0,0,0
331,54,3067,428,28,3068,439,1020,3069
991,42,258,0,0,0,0,0,0
336,660,290,0,0,0,0,0,0
57,12,168,284,0,0,0,0,0
11,102,13,547,67,292,414,3071,3072
15,129,458,97,0,0,0,0,0
92,643,515,71,321,0,0,0,0
1367,451,1541,25,1061,14,0,0,0
28,186,223,0,0,0,0,0,0
120,432,1353,75,3073,0,0,0,0
41,4,362,0,0,0,0,0,0
732,325,1459,467,0,0,0,0,0
90,3074,992,153,3075,0,0,0,0
43,18,22,113,0,0,0,0,0
85,947,5,0,0,0,0,0,0
253,991,1542,738,147,3,1125,727,3076
8,386,300,10,107,0,0,0,0
307,3083,1543,993,340,87,412,0,0
56,56,0,0,0,0,0,0,0
93,0,0,0,0,0,0,0,0
4,5,0,0,0,0,0,0,0
704,384,813,3084,144,401,8,994,438
58,3085,283,36,29,0,0,0,0
6,272,5,10,3086,60,394,1444,48
3088,91,92,3089,892,3090,91,92,3091
943,89,19,223,0,0,0,0,0
122,38,3092,118,0,0,0,0,0
443,143,25,166,19,0,0,0,0
58,11,15,0,0,0,0,0,0
12,229,112,231,780,22,698,0,0
48,112,3093,2,569,251,67,0,0
246,3094,623,3095,89,89,711,77,50
930,32,401,0,0,0,0,0,0
3098,3099,0,0,0,0,0,0,0
1545,2,316,11,503,286,0,0,0
322,316,333,333,3100,223,0,0,0
24,90,27,214,3101,140,0,0,0
33,333,1263,45,893,824,0,0,0
1546,3102,3103,0,0,0,0,0,0
128,317,634,485,3104,228,119,2,996
2,462,1346,86,53,734,30,476,621
70,228,62,118,56,3107,3108,959,0
62,8,144,124,220,327,1173,0,0
945,967,287,130,259,0,0,0,0
345,20,4,96,0,0,0,0,0
41,44,0,0,0,0,0,0,0
195,249,3109,0,0,0,0,0,0
3110,101,94,46,40,3111,389,5,900
142,476,60,574,0,0,0,0,0
102,3113,1547,3,274,707,748,72,3114
4,52,197,3116,0,0,0,0,0
54,408,15,4,0,0,0,0,0
3117,11,235,3118,3119,6,99,3120,441
51,3,11,140,121,3124,849,375,1548
4,11,15,268,428,69,3125,1241,0
454,9,21,3126,243,356,0,0,0
1234,0,0,0,0,0,0,0,0
1549,320,6,655,81,0,0,0,0
1550,3127,3128,1550,0,0,0,0,0
1268,14,3129,3130,97,190,177,0,0
15,3131,0,0,0,0,0,0,0
161,3132,218,32,109,121,3133,24,2
29,53,5,546,3134,785,584,315,848
120,3135,209,442,28,1551,601,905,0
188,305,3136,59,227,155,49,8,324
4,8,0,0,0,0,0,0,0
3137,177,424,60,281,3138,0,0,0
114,49,3139,890,172,158,0,0,0
38,39,16,60,357,9,987,1423,0
3140,70,540,3141,0,0,0,0,0
158,5,4,898,239,966,742,6,124
14,631,0,0,0,0,0,0,0
3142,394,137,120,7,4,715,3143,0
16,4,0,0,0,0,0,0,0
137,557,8,718,20,41,288,256,240
47,3144,0,0,0,0,0,0,0
99,495,14,0,0,0,0,0,0
146,3145,42,1395,132,35,925,0,0
425,28,0,0,0,0,0,0,0
726,13,1225,3146,3147,7,3148,16,3149
236,534,0,0,0,0,0,0,0
343,59,889,370,126,307,3150,88,3151
66,1431,46,120,219,20,188,74,89
544,284,61,795,0,0,0,0,0
25,3163,2,3164,27,458,582,10,3165
4,178,145,0,0,0,0,0,0
25,1236,429,3166,129,624,1500,1378,313
724,29,0,0,0,0,0,0,0
257,4,0,0,0,0,0,0,0
2,170,8,0,0,0,0,0,0
11,39,15,3,0,0,0,0,0
69,3171,115,148,622,1555,3172,3173,0
13,565,0,0,0,0,0,0,0
22,575,0,0,0,0,0,0,0
749,404,25,0,0,0,0,0,0
183,311,466,86,223,0,0,0,0
593,593,7,1146,1303,0,0,0,0
3174,1190,686,3175,0,0,0,0,0
3176,320,151,168,156,289,0,0,0
388,140,157,28,461,210,0,0,0
2,971,559,6,220,25,3177,257,0
1306,3,1456,41,1556,0,0,0,0
674,3178,89,1557,3179,0,0,0,0
1531,21,8,23,0,0,0,0,0
3180,1373,3181,770,6,1385,122,251,873
75,25,127,3184,12,0,0,0,0
282,3,178,3185,3186,3187,0,0,0
17,83,50,118,0,0,0,0,0
777,428,4,212,0,0,0,0,0
20,697,14,1273,1559,0,0,0,0
3188,259,31,42,3189,144,1175,3190,494
10,740,1560,1561,705,8,0,0,0
1562,27,0,0,0,0,0,0,0
950,789,12,606,767,12,3193,138,3194
3195,450,115,665,73,262,0,0,0
3196,173,1490,49,224,42,0,0,0
23,3197,998,271,1563,3198,74,128,3199
94,323,722,56,0,0,0,0,0
5,279,120,907,1062,3204,0,0,0
10,740,1560,1561,705,8,0,0,0
307,76,859,13,3205,3206,1564,397,9
615,739,192,0,0,0,0,0,0
585,5,6,3,0,0,0,0,0
336,57,212,3208,3209,285,510,304,23
181,44,704,3,43,113,0,0,0
243,713,0,0,0,0,0,0,0
219,26,563,5,0,0,0,0,0
159,462,1076,557,779,45,855,189,830
1096,931,1093,3210,120,605,459,374,1338
3212,202,50,10,502,1507,952,1439,3213
500,280,358,343,59,90,9,518,0
464,729,97,3214,0,0,0,0,0
20,105,40,100,3,9,0,0,0
720,1140,129,466,3215,141,0,0,0
572,115,56,0,0,0,0,0,0
25,86,27,349,109,3216,39,15,0
135,1533,796,0,0,0,0,0,0
3217,352,170,0,0,0,0,0,0
183,1138,466,3218,642,314,44,3219,725
84,573,347,19,150,3220,3221,675,0
3222,3223,15,0,0,0,0,0,0
1104,552,3224,187,3225,3226,402,3227,0
26,394,301,781,957,3228,42,237,216
86,27,336,139,3231,70,2,197,0
966,3232,3233,1255,441,3234,3235,3236,3237
669,14,3239,10,262,1321,1566,55,675
248,18,648,3,0,0,0,0,0
10,20,3240,436,699,3241,3242,3243,630
14,245,9,21,14,156,702,3244,407
43,978,19,0,0,0,0,0,0
79,1390,0,0,0,0,0,0,0
85,82,27,503,286,0,0,0,0
177,2,97,168,12,551,146,22,9
25,280,811,546,109,349,950,0,0
22,3246,63,1410,1567,22,574,529,0
46,87,598,23,1551,688,45,75,37
131,3247,3248,644,296,3249,0,0,0
45,3250,3251,1309,3252,471,398,192,0
91,460,0,0,0,0,0,0,0
206,276,8,6,2,0,0,0,0
851,208,239,0,0,0,0,0,0
4,216,411,1064,0,0,0,0,0
25,257,383,854,58,257,23,0,0
795,808,3253,1440,382,41,3254,1116,7
226,2,150,54,0,0,0,0,0
24,103,135,901,46,17,165,15,100
405,306,15,233,10,1127,201,1488,0
3257,180,0,0,0,0,0,0,0
283,1343,0,0,0,0,0,0,0
347,3258,896,739,192,0,0,0,0
3,33,3259,318,1288,973,24,1065,1568
154,78,3260,3261,3262,21,576,3263,23
231,490,409,381,262,3264,2,3265,0
15,111,3,0,0,0,0,0,0
3266,3267,245,467,8,919,176,0,0
39,134,0,0,0,0,0,0,0
2,375,0,0,0,0,0,0,0
1262,756,423,702,0,0,0,0,0
65,4,16,129,3268,0,0,0,0
79,31,0,0,0,0,0,0,0
528,64,150,55,123,12,174,0,0
3269,3270,152,0,0,0,0,0,0
3271,0,0,0,0,0,0,0,0
256,3272,3,50,3273,344,3274,395,0
296,10,1569,36,304,32,3275,12,322
111,17,0,0,0,0,0,0,0
149,3277,258,0,0,0,0,0,0
14,18,0,0,0,0,0,0,0
110,439,0,0,0,0,0,0,0
62,3278,34,358,742,3279,3280,1388,0
511,400,138,215,6,3281,0,0,0
894,0,0,0,0,0,0,0,0
1509,2,48,29,27,0,0,0,0
3,174,0,0,0,0,0,0,0
13,1320,0,0,0,0,0,0,0
147,202,986,221,421,18,3282,1450,539
44,3283,3284,309,6,121,10,223,409
246,409,381,1397,46,1570,104,3286,988
5,424,588,962,508,3289,306,3290,3291
3293,370,67,113,3294,772,3295,1368,12
150,1445,3296,0,0,0,0,0,0
3,186,130,3297,0,0,0,0,0
574,66,1336,1571,1572,36,104,0,0
177,147,302,97,385,240,194,546,74
3298,3299,678,15,249,22,935,126,3300
1425,171,308,17,64,0,0,0,0
2,317,0,0,0,0,0,0,0
214,853,14,29,0,0,0,0,0
11,31,18,146,0,0,0,0,0
58,23,0,0,0,0,0,0,0
191,579,3301,5,3302,3303,1074,325,0
700,36,1573,803,265,3304,0,0,0
3305,305,3306,0,0,0,0,0,0
35,62,0,0,0,0,0,0,0
44,0,0,0,0,0,0,0,0
418,60,3307,100,261,0,0,0,0
6,5,999,3308,1430,66,20,16,1206
3309,1534,972,52,965,0,0,0,0
5,253,883,124,0,0,0,0,0
56,56,5,3310,0,0,0,0,0
730,3311,26,386,838,3312,3313,3314,0
211,29,330,3315,0,0,0,0,0
146,0,0,0,0,0,0,0,0
71,3316,3317,64,189,993,13,735,258
58,8,799,290,3318,799,3319,58,23
48,9,96,122,137,9,3321,3322,0
16,10,961,16,9,62,8,0,0
30,64,581,0,0,0,0,0,0
249,863,268,68,395,867,0,0,0
1365,720,29,49,33,305,10,0,0
7,3323,625,363,379,3324,455,0,0
36,1574,13,3325,220,40,60,169,193
360,242,0,0,0,0,0,0,0
143,4,0,0,0,0,0,0,0
583,49,10,0,0,0,0,0,0
101,386,300,0,0,0,0,0,0
6,3326,91,13,66,3327,51,7,331
7,2,449,3329,0,0,0,0,0
1349,3330,1575,3331,1576,12,57,0,0
153,3332,22,575,9,1006,42,31,124
39,42,31,0,0,0,0,0,0
1571,25,16,19,6,3333,96,1178,3334
21,1032,577,470,165,15,1577,107,439
3335,445,33,218,3,54,0,0,0
26,47,726,230,377,516,3336,0,0
3337,0,0,0,0,0,0,0,0
1578,15,0,0,0,0,0,0,0
29,361,114,107,446,8,244,4,0
2,93,12,0,0,0,0,0,0
287,3338,3339,275,3340,3341,0,0,0
13,2,242,100,0,0,0,0,0
680,19,1579,3342,3343,219,802,12,0
233,3344,3345,46,36,185,3346,137,521
2,225,27,0,0,0,0,0,0
313,3347,888,129,1107,3348,3349,3350,3351
14,2,31,214,2,31,112,0,0
211,338,1299,936,16,13,129,0,0
66,16,96,2,301,185,0,0,0
3352,486,538,3353,3354,3355,238,371,3356
1277,431,1564,0,0,0,0,0,0
84,9,60,672,162,291,239,797,3357
413,313,130,3,0,0,0,0,0
34,1192,3358,0,0,0,0,0,0
177,729,0,0,0,0,0,0,0
866,345,157,0,0,0,0,0,0
3359,274,0,0,0,0,0,0,0
171,205,8,106,303,1573,230,0,0
3360,8,229,0,0,0,0,0,0
130,493,170,0,0,0,0,0,0
1580,3361,2,1580,6,3362,667,0,0
500,482,96,0,0,0,0,0,0
3363,572,29,259,115,167,12,28,803
3364,3365,3366,3367,667,999,608,3368,22
4,11,176,15,0,0,0,0,0
83,736,86,519,744,972,666,0,0
62,266,576,145,1088,1403,0,0,0
28,351,511,0,0,0,0,0,0
919,259,31,555,819,1182,42,136,0
142,22,384,45,389,432,16,1001,33
8,101,3369,144,230,3370,3371,8,3372
3373,3374,3375,1106,272,3376,1503,3377,179
39,15,0,0,0,0,0,0,0
41,495,969,11,29,368,0,0,0
21,3379,1142,3380,0,0,0,0,0
18,342,105,0,0,0,0,0,0
35,256,11,1505,415,3381,1549,1577,51
71,977,0,0,0,0,0,0,0
1562,85,98,0,0,0,0,0,0
7,842,133,717,1460,0,0,0,0
3383,73,909,114,443,239,0,0,0
558,1103,57,1581,3384,366,483,622,0
94,32,855,647,0,0,0,0,0
572,1528,56,3385,3386,557,126,17,30
4,15,11,0,0,0,0,0,0
335,28,398,24,4,809,3387,96,2
3390,3391,342,20,3392,49,0,0,0
84,2,3,3393,0,0,0,0,0
400,1582,312,24,619,920,0,0,0
77,372,18,3394,3395,3396,32,113,208
9,58,126,12,0,0,0,0,0
26,93,80,12,0,0,0,0,0
57,1000,417,3397,975,44,380,488,97
72,289,464,0,0,0,0,0,0
821,299,999,1323,566,0,0,0,0
3398,437,61,51,3399,662,3400,5,0
1379,3,0,0,0,0,0,0,0
88,440,277,607,549,37,1584,714,3401
7,18,3402,136,41,0,0,0,0
5,95,40,641,180,3403,40,698,258
6,751,3404,322,475,1499,3405,9,3406
114,446,205,8,355,514,3408,0,0
379,81,3409,0,0,0,0,0,0
26,94,190,6,21,3410,852,0,0
3,33,83,736,226,63,0,0,0
64,7,3411,1209,309,572,1232,3412,1539
459,219,7,3413,117,172,158,0,0
334,320,74,148,6,593,69,9,0
780,1543,3414,5,0,0,0,0,0
524,3415,173,49,0,0,0,0,0
380,235,0,0,0,0,0,0,0
7,99,13,3416,126,1004,389,89,0
3417,18,3418,718,69,129,134,0,0
378,3419,78,0,0,0,0,0,0
3420,3421,39,0,0,0,0,0,0
99,47,0,0,0,0,0,0,0
6,5,2,127,415,3422,0,0,0
3423,3424,13,735,152,0,0,0,0
341,3425,21,0,0,0,0,0,0
20,814,1585,306,174,0,0,0,0
39,112,3426,4,15,1585,221,164,561
560,3427,1475,115,55,3428,3429,478,645
19,13,315,728,46,17,0,0,0
14,3,0,0,0,0,0,0,0
64,1586,1586,666,604,0,0,0,0
5,1284,148,143,158,871,373,53,88
176,274,451,0,0,0,0,0,0
3430,22,348,512,14,449,0,0,0
1568,51,0,0,0,0,0,0,0
651,68,1166,0,0,0,0,0,0
38,362,1569,3431,684,1458,1581,204,0
21,3432,0,0,0,0,0,0,0
145,13,106,369,260,2,626,1467,294
57,5,562,56,73,0,0,0,0
3433,1587,1120,3434,7,1359,3435,3436,22
66,48,574,1567,385,0,0,0,0
53,46,5,3439,184,90,3440,885,3441
138,3442,192,1473,0,0,0,0,0
84,9,17,9,0,0,0,0,0
128,47,1297,404,3443,8,0,0,0
15,1578,0,0,0,0,0,0,0
185,4,165,15,452,27,0,0,0
127,0,0,0,0,0,0,0,0
210,3444,711,109,3445,11,3446,159,1331
53,160,119,13,992,1037,0,0,0
30,103,402,3447,725,1360,1448,194,0
708,64,67,3,33,14,0,0,0
596,15,17,0,0,0,0,0,0
6,553,318,51,66,3448,31,292,0
1377,3449,7,0,0,0,0,0,0
15,2,678,189,0,0,0,0,0
20,47,14,29,321,3450,14,0,0
2,13,573,573,347,0,0,0,0
78,7,1408,9,483,3451,3452,0,0
37,788,25,821,639,0,0,0,0
41,1496,108,44,224,4,660,0,0
3453,3454,1572,3455,166,3,371,3456,285
366,456,568,1007,78,198,0,0,0
304,46,98,0,0,0,0,0,0
997,459,7,4,33,90,3462,88,0
38,3463,96,10,3464,63,3465,0,0
1548,336,1565,78,178,0,0,0,0
222,3466,125,3467,404,8,3468,336,0
62,11,3469,298,0,0,0,0,0
256,2,3470,14,454,629,26,105,93
1437,171,2,3472,33,141,0,0,0
3473,3474,978,356,376,78,134,3475,3476
167,0,0,0,0,0,0,0,0
107,43,16,4,8,0,0,0,0
599,908,997,46,1589,376,933,0,0
48,157,53,1292,429,1073,7,0,0
98,3481,0,0,0,0,0,0,0
21,14,29,444,3482,696,0,0,0
51,60,3483,214,14,138,140,0,0
7,50,135,0,0,0,0,0,0
25,1574,3484,3485,930,864,547,3486,727
3487,81,0,0,0,0,0,0,0
654,41,0,0,0,0,0,0,0
840,38,0,0,0,0,0,0,0
331,464,351,68,838,264,3488,109,0
584,86,57,12,865,423,140,36,2
3489,78,0,0,0,0,0,0,0
86,467,905,559,114,6,70,990,33
3493,55,73,18,141,4,0,0,0
99,877,0,0,0,0,0,0,0
1590,98,0,0,0,0,0,0,0
21,298,940,54,2,512,0,0,0
3494,134,0,0,0,0,0,0,0
923,281,126,72,581,0,0,0,0
234,3495,0,0,0,0,0,0,0
34,38,0,0,0,0,0,0,0
644,296,257,3,1446,19,0,0,0
560,642,1447,0,0,0,0,0,0
1110,3496,37,1208,1145,1591,3497,1428,1591
71,7,163,235,0,0,0,0,0
130,163,3498,3499,1508,716,3500,0,0
322,1419,338,1470,956,8,278,0,0
115,16,55,181,0,0,0,0,0
1476,139,1592,3501,0,0,0,0,0
33,159,980,3502,26,10,3503,0,0
162,3504,3505,668,5,0,0,0,0
14,74,867,50,0,0,0,0,0
4,112,3506,1023,0,0,0,0,0
63,3507,166,216,9,63,0,0,0
1090,5,44,3508,12,1398,3509,100,994
35,251,713,3514,35,23,807,3515,0
820,3516,51,3517,3518,159,444,0,0
3519,2,793,5,3520,33,35,162,0
345,20,20,218,3521,3522,136,382,3523
576,175,777,428,0,0,0,0,0
794,3525,875,876,146,0,0,0,0
484,52,73,4,42,3,287,3,1546
1393,138,27,337,12,70,13,78,0
337,718,781,1492,1364,556,3527,980,679
14,18,68,1593,6,433,1168,0,0
1594,281,9,573,7,10,1595,941,55
119,85,225,27,0,0,0,0,0
884,575,43,971,3532,0,0,0,0
455,3533,1597,0,0,0,0,0,0
1593,85,1478,0,0,0,0,0,0
25,419,295,47,3534,38,0,0,0
428,268,0,0,0,0,0,0,0
1026,263,721,154,615,12,949,0,0
501,44,3535,83,3536,643,426,3,3537
49,65,684,631,0,0,0,0,0
3538,1218,995,3539,1049,452,18,3540,690
3541,7,3542,486,3543,3544,3545,3546,37
3547,242,252,1579,929,3548,898,215,3549
98,5,0,0,0,0,0,0,0
24,69,3550,356,56,680,36,0,0
142,335,180,7,754,2,1559,525,1502
26,10,446,189,0,0,0,0,0
159,3551,1554,1176,6,0,0,0,0
4,8,0,0,0,0,0,0,0
970,388,303,0,0,0,0,0,0
282,776,717,673,0,0,0,0,0
341,442,14,139,311,430,3552,1422,6
77,3553,6,48,632,974,1517,713,3554
213,18,1474,43,3557,3558,346,619,3559
917,90,604,215,3560,1576,215,128,47
3,54,0,0,0,0,0,0,0
40,1583,315,255,2,1279,0,0,0
75,688,258,0,0,0,0,0,0
51,253,389,507,305,3561,3562,0,0
6,1504,3563,0,0,0,0,0,0
506,19,3564,0,0,0,0,0,0
70,40,302,398,1598,4,804,3565,3566
128,317,0,0,0,0,0,0,0
36,719,305,3569,13,164,0,0,0
213,1514,1599,1451,0,0,0,0,0
3570,3571,18,3572,0,0,0,0,0
241,456,108,13,138,131,3573,0,0
33,3574,186,19,223,0,0,0,0
245,21,8,23,0,0,0,0,0
354,1275,3575,0,0,0,0,0,0
169,24,47,8,107,3576,0,0,0
223,337,5,0,0,0,0,0,0
65,18,711,9,73,1594,126,737,346
60,418,0,0,0,0,0,0,0
968,789,12,12,11,102,0,0,0
30,304,1521,2,473,92,957,6,271
583,924,4,83,0,0,0,0,0
87,703,367,8,55,117,0,0,0
16,3578,1075,3579,1312,3580,3581,3582,520
175,983,288,1415,237,0,0,0,0
4,783,0,0,0,0,0,0,0
169,26,48,24,103,1029,14,32,1600
2,251,40,384,3584,0,0,0,0
216,7,20,44,0,0,0,0,0
9,21,203,11,140,0,0,0,0
344,23,301,3585,868,0,0,0,0
963,17,0,0,0,0,0,0,0
24,200,14,1592,3586,0,0,0,0
1601,35,911,24,562,434,292,6,229
115,55,3588,3589,116,187,8,749,3590
19,32,83,3591,3592,294,0,0,0
354,31,487,3593,472,132,0,0,0
22,1401,3594,9,0,0,0,0,0
162,133,5,3595,3596,3597,6,1602,9
425,1276,499,2,105,168,144,564,123
611,1558,32,3598,326,3599,3600,12,7
9,163,289,0,0,0,0,0,0
224,31,42,26,397,42,936,139,42
921,1604,22,342,20,217,0,0,0
119,9,96,23,29,3601,2,10,0
3602,172,1605,0,0,0,0,0,0
249,52,3,12,153,0,0,0,0
65,17,993,0,0,0,0,0,0
26,206,38,0,0,0,0,0,0
6,1031,81,3603,1606,92,295,80,3604
11,3605,202,3606,0,0,0,0,0
3607,3608,166,371,3609,1002,3610,403,998
3613,22,737,3614,3615,0,0,0,0
3,3616,515,0,0,0,0,0,0
26,40,406,862,26,206,8,0,0
84,150,3617,853,723,587,204,284,12
115,135,1607,43,26,1099,3618,928,8
1608,3619,710,3620,1392,1063,0,0,0
94,2,10,112,329,0,0,0,0
45,688,1605,0,0,0,0,0,0
25,107,81,0,0,0,0,0,0
60,107,0,0,0,0,0,0,0
81,149,0,0,0,0,0,0,0
4,387,0,0,0,0,0,0,0
998,3621,48,21,88,676,1135,126,37
2,3,0,0,0,0,0,0,0
161,4,186,3622,985,3623,264,0,0
45,17,0,0,0,0,0,0,0
252,15,0,0,0,0,0,0,0
17,37,17,75,17,45,0,0,0
69,155,153,0,0,0,0,0,0
95,2,83,477,3624,3625,367,57,12
651,51,60,15,178,14,284,3626,15
3627,350,28,92,106,28,384,287,0
1609,3628,5,3629,994,244,1609,3630,1540
6,3631,7,913,1607,3632,0,0,0
266,178,3633,0,0,0,0,0,0
1143,3634,102,0,0,0,0,0,0
42,31,124,39,49,52,132,324,414
79,42,31,0,0,0,0,0,0
1491,3635,558,714,0,0,0,0,0
242,613,0,0,0,0,0,0,0
60,360,0,0,0,0,0,0,0
107,37,1582,620,122,1046,0,0,0
575,3636,42,287,77,259,30,990,247
57,12,447,13,188,0,0,0,0
5,3637,273,476,507,0,0,0,0
970,2,206,0,0,0,0,0,0
136,3638,3639,5,79,3640,68,3641,297
8,760,446,203,8,0,0,0,0
1556,405,360,242,175,1200,3654,154,3655
101,40,41,194,0,0,0,0,0
173,49,0,0,0,0,0,0,0
700,36,204,275,28,27,80,0,0
18,4,116,632,3656,3657,44,224,4
247,73,262,446,3658,3659,386,300,68
249,391,16,4,0,0,0,0,0
549,1552,24,2,16,261,860,3660,0
22,72,91,0,0,0,0,0,0
20,196,375,0,0,0,0,0,0
195,141,4,6,367,839,456,49,0
466,7,1414,103,12,304,3661,3662,1002
625,46,251,509,465,227,466,69,115
3,54,0,0,0,0,0,0,0
5,19,1530,498,508,1590,196,0,0
507,3664,3,13,3665,92,3666,3667,0
984,118,348,3668,243,6,5,3669,402
3672,203,84,9,3673,1366,85,3674,0
20,171,127,0,0,0,0,0,0
1545,32,170,0,0,0,0,0,0
48,11,160,299,1159,540,0,0,0
904,25,20,3,61,985,0,0,0
4,421,0,0,0,0,0,0,0
4,14,156,0,0,0,0,0,0
917,3675,3676,139,1603,322,1045,0,0
34,29,27,0,0,0,0,0,0
3677,16,106,3678,0,0,0,0,0
42,31,4,0,0,0,0,0,0
2,1516,132,275,35,141,0,0,0
2,64,0,0,0,0,0,0,0
61,1264,120,7,32,3679,1570,648,3680
345,104,16,3682,14,20,1600,564,54
17,170,0,0,0,0,0,0,0
14,176,105,329,213,1060,1608,0,0
3683,35,1420,3684,0,0,0,0,0
8,155,251,71,6,433,1563,8,0
60,1547,3685,361,0,0,0,0,0
17,100,0,0,0,0,0,0,0
105,5,2,977,6,69,3686,4,484
535,391,51,305,1213,675,3687,0,0
92,979,491,1610,73,262,174,569,392
3689,3690,3691,604,3692,3693,12,670,13
360,895,764,3696,548,3697,0,0,0
125,58,170,32,445,0,0,0,0
3698,0,0,0,0,0,0,0,0
6,159,308,13,9,118,3699,0,0
79,88,0,0,0,0,0,0,0
1599,395,0,0,0,0,0,0,0
420,17,0,0,0,0,0,0,0
217,3700,3,3701,0,0,0,0,0
57,248,152,35,55,203,23,0,0
8,447,19,58,23,1611,0,0,0
104,269,8,74,73,6,9,21,0
200,318,0,0,0,0,0,0,0
259,31,0,0,0,0,0,0,0
1066,3,33,14,6,3702,76,442,36
58,214,23,156,3704,3705,0,0,0
108,1520,3706,111,30,174,3707,88,108
146,8,0,0,0,0,0,0,0
203,140,2,23,3708,712,1541,621,0
3709,347,4,682,3710,490,398,964,0
2,51,576,10,247,1589,989,1606,0
553,3711,82,1274,1557,0,0,0,0
9,21,691,5,23,9,305,3712,30
211,55,275,965,496,55,456,1513,0
1184,1185,37,362,18,69,550,1000,277
188,1416,59,5,25,2,17,19,0
62,3714,65,107,477,3715,141,20,19
30,333,3718,0,0,0,0,0,0
229,1466,3719,1044,3720,3721,1369,179,1157
348,5,250,20,17,0,0,0,0
334,180,6,66,267,37,0,0,0
3723,1612,227,278,3724,72,399,3725,1519
3726,3727,57,5,1536,758,77,368,842
1613,991,370,139,3728,3729,3730,672,3731
552,3732,1363,75,167,3733,1495,728,596
136,6,3742,16,3743,3744,562,259,318
26,29,291,3,11,0,0,0,0
380,709,51,60,0,0,0,0,0
1457,0,0,0,0,0,0,0,0
597,769,751,6,3745,1482,181,0,0
44,380,0,0,0,0,0,0,0
2,5,555,0,0,0,0,0,0
320,135,3746,139,492,1002,74,1461,462
79,15,0,0,0,0,0,0,0
138,3747,311,310,1269,2,98,0,0
15,3748,84,47,3749,0,0,0,0
20,20,3,571,12,0,0,0,0
183,1575,3750,62,462,3751,1596,3752,222
274,119,58,162,140,570,0,0,0
1612,44,3754,279,3755,1613,205,8,454
927,44,3756,216,682,955,0,0,0
3757,1228,3758,3759,401,3760,2,130,3761
49,3764,1048,3765,519,7,99,219,235
323,585,77,1322,3766,0,0,0,0
8,836,734,2,4,734,6,324,8
576,1597,3768,560,1614,1615,6,1614,1615
45,17,591,431,3769,3770,0,0,0
944,649,5,10,0,0,0,0,0
3,15,488,1050,3771,0,0,0,0
71,45,313,640,0,0,0,0,0
46,176,0,0,0,0,0,0,0
9,1506,1201,3772,7,0,0,0,0
945,4,0,0,0,0,0,0,0
47,1187,184,276,1611,205,8,3773,559
658,55,123,35,62,189,178,133,144
108,605,3774,448,7,1194,0,0,0
28,487,357,8,85,0,0,0,0
3775,157,0,0,0,0,0,0,0
958,3776,24,51,288,13,29,3777,1077
386,8,549,741,436,301,1027,0,0
3780,3781,399,0,0,0,0,0,0
843,187,16,129,6,230,155,3782,3783
3785,28,703,22,683,0,0,0,0
65,393,19,32,0,0,0,0,0
99,107,0,0,0,0,0,0,0
435,158,14,0,0,0,0,0,0
21,15,11,23,3786,161,3,97,32
30,988,335,126,22,737,3787,418,33
200,7,318,0,0,0,0,0,0
3789,788,3790,379,94,0,0,0,0
25,106,1001,1252,34,0,0,0,0
2,3,835,0,0,0,0,0,0
88,69,120,134,240,3791,3792,3793,3794
497,137,806,59,335,722,234,0,0
69,7,56,56,0,0,0,0,0
679,320,3798,350,254,99,3799,0,0
26,48,98,0,0,0,0,0,0
93,80,0,0,0,0,0,0,0
254,535,496,3800,1244,6,2,16,0
382,695,81,45,240,732,3801,17,0
2,3,3802,523,0,0,0,0,0
12,393,7,1616,18,3803,3804,3805,3806
24,2,30,3,32,554,468,0,0
32,425,50,3811,3812,2,9,270,98
346,1342,83,129,0,0,0,0,0
437,4,271,0,0,0,0,0,0
134,2,3813,3814,88,427,51,3815,2
116,517,1001,167,0,0,0,0,0
3816,2,150,9,337,12,0,0,0
302,712,49,226,3817,3818,116,1372,3819
29,27,284,423,0,0,0,0,0
197,186,261,3820,8,0,0,0,0
339,3821,1380,3822,637,0,0,0,0
1468,1327,0,0,0,0,0,0,0
127,469,764,13,10,3823,850,7,1537
1452,947,3824,1433,661,0,0,0,0
9,105,3825,226,1426,769,5,3826,1382
104,879,0,0,0,0,0,0,0
102,0,0,0,0,0,0,0,0
135,12,66,53,3829,88,108,0,0
22,91,315,82,57,14,0,0,0
685,880,53,120,3830,1512,3831,634,0
3832,350,16,4,0,0,0,0,0
26,563,29,361,0,0,0,0,0
61,173,0,0,0,0,0,0,0
3833,1286,0,0,0,0,0,0,0
217,0,0,0,0,0,0,0,0
